{"cameraMode":{"drawMode":0,"name":"Shaded","section":"Shading Mode"},"sceneLighting":false,"audioPlay":false,"sceneViewState":{"showFog":true,"showMaterialUpdate":false,"showSkybox":false,"showFlares":true,"showImageEffects":true,"showParticleSystems":true},"in2DMode":false,"pivot":{"x":2.0500001907348635,"y":0.0,"z":-17.299997329711915},"rotation":{"x":0.03962310403585434,"y":0.9137122631072998,"z":-0.3939792811870575,"w":0.09181050211191178},"size":34.577308654785159,"orthographic":false}