{"cameraMode":{"drawMode":0,"name":"Shaded","section":"Shading Mode"},"sceneLighting":true,"audioPlay":false,"sceneViewState":{"showFog":true,"showMaterialUpdate":false,"showSkybox":true,"showFlares":true,"showImageEffects":true,"showParticleSystems":true},"in2DMode":false,"pivot":{"x":4.064420223236084,"y":-66.24500274658203,"z":31.885988235473634},"rotation":{"x":0.4507356286048889,"y":-0.05692647024989128,"z":0.028854772448539735,"w":0.8904215097427368},"size":110.75592803955078,"orthographic":false}