{"cameraMode":{"drawMode":0,"name":"Shaded","section":"Shading Mode"},"sceneLighting":true,"audioPlay":false,"sceneViewState":{"showFog":true,"showMaterialUpdate":false,"showSkybox":true,"showFlares":true,"showImageEffects":true,"showParticleSystems":true},"in2DMode":false,"pivot":{"x":-16.303722381591798,"y":-55.521400451660159,"z":55.35561752319336},"rotation":{"x":0.3714754283428192,"y":-0.10352884978055954,"z":0.04176082834601402,"w":0.9217542409896851},"size":144.2330322265625,"orthographic":false}