{"cameraMode":{"drawMode":0,"name":"Shaded","section":"Shading Mode"},"sceneLighting":false,"audioPlay":false,"sceneViewState":{"showFog":true,"showMaterialUpdate":false,"showSkybox":false,"showFlares":true,"showImageEffects":true,"showParticleSystems":true},"in2DMode":false,"pivot":{"x":-19.03998374938965,"y":0.7269653081893921,"z":19.782615661621095},"rotation":{"x":-0.03847983106970787,"y":-0.16117225587368012,"z":-0.006289088632911444,"w":0.9861666560173035},"size":7.443359375,"orthographic":false}