{"cameraMode":{"drawMode":0,"name":"Shaded","section":"Shading Mode"},"sceneLighting":false,"audioPlay":false,"sceneViewState":{"showFog":true,"showMaterialUpdate":false,"showSkybox":false,"showFlares":true,"showImageEffects":true,"showParticleSystems":true},"in2DMode":false,"pivot":{"x":21.629825592041017,"y":-4.291327476501465,"z":-17.011058807373048},"rotation":{"x":0.3184064030647278,"y":0.6225505471229553,"z":-0.3069462776184082,"w":0.645692765712738},"size":9.096809387207032,"orthographic":false}